Becoming an AI/ML engineer in 2026 requires strong Python skills, fundamental math, and a focus on building practical applications rather than just theory. Key steps include mastering data handling, machine learning algorithms, deep learning, MLOps for deployment, and specializing in Generative AI/LLMs. Building a portfolio with end-to-end projects is critical for employability. 
YouTube
YouTube
 +2
Key Steps to Become an AI/ML Engineer:
Build a Strong Foundation:
Programming: Master Python and SQL, including libraries like Pandas, NumPy, and Scikit-learn.
Mathematics: Understand the principles of linear algebra, calculus, probability, and statistics.
Software Engineering: Learn object-oriented programming (OOP) and version control (Git) to write reliable code.
Machine Learning Fundamentals:
Understand supervised and unsupervised learning, regression, classification, clustering, and decision trees.
Learn model evaluation metrics and how to avoid overfitting.
Deep Learning & Generative AI:
Study neural networks, CNNs (computer vision), and RNNs (NLP).
Focus on LLMs, prompt engineering, and RAG (Retrieval-Augmented Generation).
MLOps and Deployment:
Learn to deploy models using cloud platforms (AWS, Azure, GCP).
Understand containerization (Docker, Kubernetes).
Practical Experience & Portfolio:
Build end-to-end projects: chatbots, recommendation systems, or image classifiers.
Contribute to open-source AI projects.
Recommended Learning Resources:
Courses: Fast.ai Practical Deep Learning, Google Machine Learning Crash Course, and Coursera's Machine Learning Specialization.
Tools: Hugging Face for LLMs. 


Alternative Pathways:
While a computer science degree is common, many enter the field through bootcamps, online certifications, or by pivoting from traditional software engineering roles. 
YouTube
YouTube
 +2
Timeline (12-Month Example):
Months 1–2: Python and math foundations.
Months 3–4: Data handling and software engineering basics.
Months 5–6: Core Machine Learning concepts and models.
Months 7–8: Deep Learning and neural networks.
Months 9–10: Generative AI, LLMs, and RAG.
Months 11–12: Portfolio building and job applications.  



“Expert” in computer vision isn’t just about knowing OpenCV (cv2). That’s tooling. The real leverage comes from math, modeling, and systems thinking. If you only stay at the cv2 layer, you’ll plateau quickly.

Here’s a structured pathway that actually gets you to expert-level capability.

1) Foundations (non-negotiable)

Before pushing deeper into CV, you need the underlying mechanics.

Math you must be comfortable with
Linear algebra (vectors, matrices, eigenvalues, SVD)
Calculus (gradients, partial derivatives)
Probability & statistics (distributions, Bayes, expectation)

These are critical for understanding how models work, not just how to call them.

2) Core Computer Vision Concepts

This is where cv2 starts to make sense beyond trial-and-error.

Image fundamentals
Pixel representations (RGB, HSV, grayscale)
Convolution & filtering
Fourier transforms (for frequency analysis)
Classical CV techniques (VERY important)

Most beginners skip this and jump to deep learning—mistake.

Edge detection (Canny)
Feature detection (SIFT, ORB)
Image segmentation
Optical flow
Camera geometry (intrinsics, extrinsics)

Use OpenCV heavily here:

Image transformations
Thresholding
Morphological operations
3) Programming with OpenCV (cv2 mastery)

Now you go deep into the tool.

You should be fluent in:
Image I/O and preprocessing
Contours and shape detection
Object tracking (basic)
Video processing pipelines

Mini-projects:

Real-time face detection
Document scanner
Lane detection system
4) Deep Learning for Computer Vision

This is where modern CV lives.

Learn frameworks:

PyTorch (preferred for research)
TensorFlow
Key model architectures:
CNNs (ResNet, VGG)
Object detection (YOLO, Faster R-CNN)
Image segmentation (U-Net, Mask R-CNN)
Tasks to master:
Image classification
Object detection
Semantic segmentation
5) Specialization Areas (choose at least one)

Expertise comes from depth.

Pick a domain like:

Autonomous driving
Medical imaging
Surveillance / security
Augmented reality
OCR (text recognition)
6) Projects (this is where you actually become good)

Theory without projects = illusion of progress.

Build progressively:

Beginner
Color detection system
Face detection app
Intermediate
Object detection system using YOLO
Real-time tracking system
Advanced
Custom dataset + training your own model
End-to-end pipeline (data → training → deployment)
7) Deployment & Real-World Skills

Most “CV learners” fail here.

Learn:

Model optimization (quantization, pruning)
Running models on edge devices
APIs (Flask/FastAPI)
GPU usage (CUDA basics)
8) Research-Level Understanding (expert tier)

If you want to be truly top-tier:

Read papers (CVPR, ICCV, ECCV)
Reproduce models from scratch
Understand why architectures work
How to Study (this matters more than what)

Don’t just watch tutorials.

Use this loop:
Learn concept
Implement from scratch (even if slow)
Rebuild using OpenCV or DL frameworks
Apply in a project
Suggested Timeline (realistic)
0–2 months: Python + OpenCV basics
2–5 months: Classical CV + projects
5–9 months: Deep learning + real models
9–12+ months: Specialization + deployment
Brutal truth
cv2 alone ≠ computer vision expertise
Copy-paste tutorials will trap you
Projects and debugging build real skill





Good—then let’s turn this into something actionable instead of vague ambition.
I’ll give you a structured 12-week roadmap with weekly targets, projects, and what to actually do each day. This assumes you already have basic Python. If not, say so and I’ll adjust.

🧠 12-Week Computer Vision Roadmap (cv2 → Deep Learning)
Phase 1 — OpenCV & Image Fundamentals (Weeks 1–4)
Week 1: Image Basics + cv2 Setup
Goal: Understand what an image is


Install: OpenCV (cv2), NumPy


Learn:


Image as matrix


Color spaces (RGB, BGR, Grayscale)




Practice:


Load, display, save images


Access pixels




✅ Mini-task:


Build a script that converts images to grayscale and resizes them



Week 2: Image Processing
Goal: Manipulate images properly


Learn:


Blurring (Gaussian)


Thresholding


Edge detection (Canny)




✅ Project:


“Smart edge detector” with adjustable thresholds (use trackbars)



Week 3: Shapes & Contours
Goal: Detect objects structurally


Learn:


Contours


Bounding boxes


Shape detection




✅ Project:


Detect and label shapes (circle, square, triangle)



Week 4: Video Processing
Goal: Move from images → real-time systems


Learn:


Video capture


Frame processing




Practice:


Apply filters in real time




✅ Project:


Real-time webcam filter app (edges, blur toggle, etc.)



🚀 Phase 2 — Intermediate CV (Weeks 5–8)
Week 5: Feature Detection
Goal: Understand keypoints


Learn:


ORB / SIFT concepts




Practice:


Match features between two images




✅ Project:


Image matching system (e.g., match book covers)



Week 6: Object Tracking
Goal: Follow objects in motion


Learn:


Tracking algorithms in OpenCV




✅ Project:


Track a moving object using webcam



Week 7: Intro to Deep Learning
Goal: Transition beyond classical CV


Install:


PyTorch




Learn:


What is a neural network


CNN basics




✅ Task:


Build a simple image classifier (MNIST or similar)



Week 8: CNNs for Vision
Goal: Understand modern CV backbone


Learn:


Convolutions


Pooling


Training loop




✅ Project:


Train a CNN on a small custom dataset



🔥 Phase 3 — Real Computer Vision Systems (Weeks 9–12)
Week 9: Object Detection
Goal: Detect objects, not just classify


Learn:


YOLO basics




✅ Project:


Use pre-trained YOLO to detect objects in images



Week 10: Real-Time Detection
Goal: Production-style pipeline
✅ Project:


Real-time object detection using webcam



Week 11: Custom Model Training
Goal: Build something original


Collect dataset


Label images


✅ Project:


Train your own object detector (e.g., detect phones, bottles)



Week 12: Deployment
Goal: Make it usable


Learn:


Simple APIs (Flask or FastAPI)




Optimize:


Reduce lag




✅ Final Project:


CV app (example ideas):


Face detection system


Smart security cam


Attendance system





📅 Daily Study Structure (important)
Spend 2–4 hours/day:
Each session:


45 min → Learn concept


60–90 min → Code it yourself


30–60 min → Modify / break it / experiment



🧪 Rules That Will Make You Dangerous


Don’t copy code blindly—type everything


Break things on purpose (this is how you learn)


Always ask: “why does this work?”



⚠️ Common Trap (avoid this)
If you:


Only follow YouTube tutorials


Don’t build your own variations


→ you’ll feel progress but won’t actually gain skill.

If you want next step
I can:


Give you exact datasets to use


Or design 3 portfolio projects that make you job-ready


Or help you build your first project step-by-step


Just tell me:
👉 “Guide me through my first project” or
👉 “Give me portfolio projects”



If your goal is “job-ready,” your portfolio needs to demonstrate three things clearly:


You can build CV systems end-to-end


You understand both classical + deep learning approaches


You can ship something usable (not just notebooks)


Here are 3 carefully designed portfolio projects that cover those dimensions.

🧩 Project 1 — Smart Attendance System (Face Recognition)
🎯 What this proves


Real-time CV pipeline


Practical system design


Basic ML + deployment



🧠 Core stack


OpenCV (video + face detection)


face_recognition or embeddings model


Flask (optional UI)



⚙️ Features


Detect faces from webcam


Recognize known users


Mark attendance (CSV or database)


Timestamp logging



🔧 Technical depth (important)


Face embeddings (not just Haar cascades)


Distance metrics (Euclidean similarity)


Handling lighting variation



🚀 Stretch upgrades


Add unknown face alert


Add web dashboard


Deploy on local server



📁 Deliverables


GitHub repo with clean structure


Demo video


README explaining pipeline



🚗 Project 2 — Real-Time Object Detection System (YOLO)
🎯 What this proves


Deep learning proficiency


Real-time performance handling


Industry-relevant models



🧠 Core stack


PyTorch


YOLO (v5/v8)


OpenCV



⚙️ Features


Detect multiple object classes in real-time


Draw bounding boxes + confidence scores


Run on webcam or video



🔧 Technical depth


Understand inference pipeline


FPS optimization


GPU vs CPU comparison



🚀 Stretch upgrades


Train on custom dataset (important!)


Add object counting (e.g., people counter)


Export to ONNX / optimized model



📁 Deliverables


Pretrained + custom model comparison


Performance metrics (FPS, accuracy)


Clean modular code



🧾 Project 3 — Document Scanner + OCR System
🎯 What this proves


Classical CV mastery


Real-world problem solving


Pipeline thinking



🧠 Core stack


OpenCV


Tesseract OCR



⚙️ Features


Detect document edges automatically


Perspective transform (flatten page)


Extract text from image



🔧 Technical depth


Edge detection (Canny)


Contour detection


Perspective warping


Image preprocessing for OCR



🚀 Stretch upgrades


Mobile-like scanning experience


Multi-language OCR


Export to PDF



📁 Deliverables


Before/after image results


OCR accuracy comparison


CLI or small UI tool



🧠 Why these 3 work (strategically)
Together they cover:
SkillCoveredClassical CV✅ (Project 3)Deep Learning✅ (Project 2)Real-time systems✅ (1 & 2)End-to-end pipeline✅ AllDeployment thinking✅ (1 & 3)
This combination is exactly what recruiters look for in junior CV engineers.

⚠️ What will make or break your portfolio
Most people fail here:
❌ Weak


Just code


No explanation


No results shown


✅ Strong


Clear README (problem → solution → results)


Screenshots / demo video


Performance discussion


Clean, modular code



If you want to go one level higher
I can:


Break down Project 1 step-by-step (like a mentor)


Review your code as you build


Or help you deploy one of these publicly


Just tell me:
👉 “Start with Project 1 step-by-step”




Good—this is where most people get sloppy. The dataset you choose directly affects how “serious” your project looks.
I’ll map each of your 3 portfolio projects → exact datasets, plus how to use them properly.

🧩 Project 1 — Smart Attendance (Face Recognition)
✅ Recommended datasets
1) Labeled Faces in the Wild (LFW)


~13,000 images of faces


Real-world variation (lighting, angles)


Use it for:


Learning face embeddings


Testing recognition pipeline



2) CelebA


200K+ celebrity images


Rich diversity


Use it for:


Improving robustness


Handling different facial conditions



⚠️ What actually matters (important)
For a real attendance system, you must create your own dataset:


Capture 10–20 images per person via webcam


Store with labels (names)


👉 This is what makes your project “real-world,” not just academic.

🚗 Project 2 — Object Detection (YOLO)
✅ Recommended datasets
1) COCO dataset


80 object classes


Industry standard


Use it for:


Testing pretrained YOLO models


Benchmarking



2) Pascal VOC


Smaller, cleaner dataset


Use it for:


Learning training pipeline


Faster experimentation



3) Custom Dataset (VERY IMPORTANT)
Use tools like:


Roboflow


Ideas:


Detect phones, bottles, laptops


Safety helmets (great for jobs)


Local context (e.g., street objects in Luanda)


👉 Label ~100–500 images minimum

🧾 Project 3 — Document Scanner + OCR
✅ Recommended datasets
1) RVL-CDIP


400K+ document images


Use it for:


Testing document detection


Different layouts



2) IAM Handwriting Database


Handwritten text


Use it for:


Testing OCR limitations



3) Synthetic + Real Data (best approach)
👉 This project benefits most from your own data:


Take photos of:


Receipts


Printed papers


Books




Capture at angles (simulate scanning)



📦 Bonus (Advanced / Optional)
If you want to stand out more:
🔹 Open Images Dataset


Massive dataset


Advanced object detection training



🧠 How to Use Datasets Properly (this is where people fail)
Don’t just download and run models
Do this instead:
Step-by-step:


Explore dataset (visualize samples)


Clean data (remove bad images)


Split:


Train (70%)


Validation (20%)


Test (10%)




Evaluate results properly



⚠️ Critical Insight
Recruiters don’t care that you used COCO.
They care that you can say:


“I trained on a custom dataset of 300 images”


“Achieved 82% mAP”


“Improved accuracy by tuning X”


👉 That’s what makes you look like an engineer, not a tutorial follower.

If you want next step
I can:


Give you download links + setup commands


Show you how to structure datasets for YOLO


Or walk you through collecting your own dataset properly


Just tell me:
👉 “Show me how to prepare dataset for YOLO”





You’re basically asking: what exactly should I study, in the right order, to become strong in computer vision?

Let’s make this precise and structured—not just topics, but what level of understanding you need for each.

🧠 1) Mathematical Foundations (you can’t skip this)
What to study
Linear Algebra
Vectors, matrices, dot product
Eigenvalues, eigenvectors
Calculus
Derivatives, gradients
Probability & Statistics
Gaussian distributions
Bayes theorem
Why it matters
Convolutions = linear algebra
Neural networks = calculus + optimization
Noise & uncertainty = probability

👉 Target: You should be able to understand equations, not just code.

🖼️ 2) Image Fundamentals
What to study
Image representation (matrix, channels)
Color spaces (RGB, HSV, Grayscale)
Histograms
Image transformations
Tools
OpenCV
NumPy

👉 Target: You can manipulate images mathematically and programmatically.

🧩 3) Classical Computer Vision (core knowledge)

Most people skip this. Don’t.

What to study
Filtering & Convolution
Kernels (blur, sharpen)
Gaussian filter
Edge detection (Canny)
Feature Detection
Corners (Harris)
Keypoints (ORB, SIFT)
Segmentation
Thresholding
Contours
Morphological operations
Geometry
Perspective transform
Camera calibration basics

👉 Target: You understand how vision worked before deep learning.

🎥 4) Video & Real-Time Processing
What to study
Frame processing
Object tracking basics
Optical flow (intro level)

👉 Target: Build real-time systems (not just static images).

🤖 5) Machine Learning Basics

Before deep learning:

What to study
Supervised learning
Classification vs regression
Overfitting / underfitting

👉 Target: Understand how models learn from data.

🔥 6) Deep Learning for Computer Vision
Tools
PyTorch (recommended)
What to study
Neural Networks
Layers, activations
Loss functions
Backpropagation
CNNs (VERY IMPORTANT)
Convolution layers
Pooling
Feature maps
Key architectures
ResNet
VGG
U-Net (segmentation)

👉 Target: You can train and debug your own models.

🎯 7) Core CV Tasks (must master)
Image Classification
One label per image
Object Detection
Bounding boxes (YOLO, Faster R-CNN)
Segmentation
Pixel-level classification

👉 Target: You can build systems for each task.

⚙️ 8) Practical Engineering Skills

This is what separates learners from professionals.

What to study
Data preprocessing
Dataset annotation
Model evaluation (accuracy, mAP)
Performance optimization
🚀 9) Deployment & Production
What to study
APIs (Flask / FastAPI)
Model optimization
Running on CPU vs GPU

👉 Target: Your model is usable, not just experimental.

📚 10) Research Awareness (advanced)
What to study
Read papers (CVPR, ICCV)
Understand trends (Transformers in vision)

👉 Target: You can keep up with the field.

🧭 The Correct Learning Order

Follow this sequence:

Math basics
Image fundamentals
Classical CV (OpenCV)
Video processing
Machine learning basics
Deep learning (CNNs)
CV tasks (detection, segmentation)
Projects
Deployment
⚠️ Reality Check

If you:

Only learn cv2 functions → ❌ Not enough
Skip math → ❌ You’ll get stuck in deep learning
Avoid projects → ❌ No real skill
✔️ What “job-ready” actually looks like

You are ready when you can say:

“I built an object detection system using PyTorch”
“I processed video streams with OpenCV”
“I trained on a custom dataset and evaluated performance”




Good—this is the right move. Instead of just “topics,” I’ll give you actual study content for each step, like a mini-curriculum with what to learn, formulas, and hands-on tasks.
Think of this as your Computer Vision syllabus + lab manual.

🧠 1) Mathematical Foundations (Content Breakdown)
📘 Linear Algebra
Concepts


Vector:
v=[x,y,z]v = [x, y, z]v=[x,y,z]


Matrix (image = matrix):
I∈RH×W×CI \in \mathbb{R}^{H \times W \times C}I∈RH×W×C


Dot product:
a⋅b=∑aibia \cdot b = \sum a_i b_ia⋅b=∑ai​bi​


Must understand


Matrix multiplication


Eigenvalues (used in PCA, SVD)


Practice


Implement matrix multiplication using NumPy


Visualize vectors



📘 Calculus
Concepts


Derivative:
ddxf(x)\frac{d}{dx} f(x)dxd​f(x)


Gradient (multi-variable):
∇f(x,y)\nabla f(x, y)∇f(x,y)


Why


Used in backpropagation (deep learning)


Practice


Compute gradients manually for simple functions



📘 Probability
Concepts


Gaussian distribution:
N(μ,σ2)\mathcal{N}(\mu, \sigma^2)N(μ,σ2)


Bayes theorem:
P(A∣B)=P(B∣A)P(A)P(B)P(A|B) = \frac{P(B|A)P(A)}{P(B)}P(A∣B)=P(B)P(B∣A)P(A)​


Practice


Add noise to images and analyze effects



🖼️ 2) Image Fundamentals (Core Content)
Using OpenCV + NumPy

📘 Image Representation


Grayscale → 2D matrix


Color → 3D matrix (H × W × 3)


Example:
import cv2img = cv2.imread("image.jpg")print(img.shape)

📘 Color Spaces


RGB (standard)


BGR (OpenCV default)


HSV (better for segmentation)


hsv = cv2.cvtColor(img, cv2.COLOR_BGR2HSV)

📘 Image Operations


Resize


Crop


Rotate



📘 Histograms


Distribution of pixel intensity


cv2.calcHist([img],[0],None,[256],[0,256])

🎯 Practice Tasks


Convert image → grayscale


Extract red channel


Plot histogram



🧩 3) Classical Computer Vision (Deep Content)

📘 Convolution
Core idea:
Output=Image∗KernelOutput = Image * KernelOutput=Image∗Kernel
Example kernel:
[ 0 -1  0 -1  5 -1  0 -1  0 ]

📘 Filtering


Gaussian blur:


cv2.GaussianBlur(img, (5,5), 0)

📘 Edge Detection


Canny:


cv2.Canny(img, 100, 200)

📘 Contours
contours, _ = cv2.findContours(...)

📘 Morphology


Erosion


Dilation



🎯 Practice Tasks


Build edge detector UI


Detect shapes (circle, square)


Count objects in image



🎥 4) Video Processing

📘 Basics
cap = cv2.VideoCapture(0)
Loop:
while True:    ret, frame = cap.read()

📘 Concepts


Frame-by-frame processing


FPS (frames per second)



🎯 Practice Tasks


Real-time edge detection


Motion detection (frame differencing)



🤖 5) Machine Learning Basics

📘 Concepts


Dataset: (X, y)


Model:
y=f(x)y = f(x)y=f(x)



📘 Key Ideas


Training vs testing


Overfitting



🎯 Practice Tasks


Train simple classifier (e.g., digits)



🔥 6) Deep Learning (Core Content)
Using PyTorch

📘 Neural Network
y=Wx+by = Wx + by=Wx+b

📘 Activation Functions


ReLU:


f(x)=max⁡(0,x)f(x) = \max(0, x)f(x)=max(0,x)

📘 Loss Function


Cross entropy



📘 Backpropagation


Gradient descent updates weights



🎯 Practice Tasks


Build simple neural network


Train on image dataset



🧠 7) CNNs (VERY IMPORTANT)

📘 Convolution Layer
Extracts features:


Edges


Textures



📘 Pooling


Reduces size



📘 Architecture Example


Conv → ReLU → Pool → FC



🎯 Practice Tasks


Build CNN from scratch


Train classifier



🎯 8) Computer Vision Tasks

📘 Image Classification


One label per image



📘 Object Detection


Bounding boxes


YOLO concept:


Divide image into grid





📘 Segmentation


Pixel-wise classification



🎯 Practice Tasks


Use pretrained detector


Train custom model



⚙️ 9) Deployment

📘 API Example
Using Flask:
@app.route("/predict")

📘 Concepts


Model inference


Latency



🎯 Practice Tasks


Build API for your model


Send image → get prediction



🧠 10) How to Study Each Topic
For EVERY section:
Step 1
Read concept (not too long)
Step 2
Code from scratch
Step 3
Use library (like OpenCV)
Step 4
Build mini project

⚠️ Final Advice (important)
If you follow this content properly:


You won’t just “know cv2”


You’ll understand how vision systems actually work



If you want next level
I can:


Turn each section into a full lesson (with exercises + solutions)


Or guide you day-by-day like a mentor


Or quiz you to test your level


Just tell me:
👉 “Teach me Image Fundamentals step-by-step”



Perfect—that’s exactly the right approach. I’ll do both:


Full lesson (with explanations + exercises + solutions)


Day-by-day guidance like a mentor


We’ll start with the first module: Image Fundamentals, because everything else depends on it.

🧠 MODULE 1 — IMAGE FUNDAMENTALS (FULL LESSON)
Using: OpenCV + NumPy

🎯 Lesson 1.1 — What is an Image (Deep Understanding)
📘 Concept
An image is just a matrix of numbers.


Grayscale:


I∈RH×WI \in \mathbb{R}^{H \times W}I∈RH×W


Color:


I∈RH×W×3I \in \mathbb{R}^{H \times W \times 3}I∈RH×W×3
Each pixel:


Value range: 0 → 255


Example:


0 = black


255 = white





🧪 Code
import cv2img = cv2.imread("image.jpg")print(img.shape)  # (height, width, channels)

🎯 Exercise


Load an image


Print:


Shape


Data type


First pixel value





✅ Solution
print(img.shape)print(img.dtype)print(img[0,0])

🎯 Lesson 1.2 — Color Spaces

📘 Concept


OpenCV uses BGR, not RGB


HSV is better for color detection



🧪 Code
hsv = cv2.cvtColor(img, cv2.COLOR_BGR2HSV)gray = cv2.cvtColor(img, cv2.COLOR_BGR2GRAY)

🎯 Exercise


Convert image to:


Grayscale


HSV




Display all versions



✅ Solution
cv2.imshow("Gray", gray)cv2.imshow("HSV", hsv)

🎯 Lesson 1.3 — Image Manipulation

📘 Concepts


Resize


Crop


Rotate



🧪 Code
resized = cv2.resize(img, (300, 300))cropped = img[50:200, 50:200]

🎯 Exercise


Resize image to half size


Crop center region



✅ Solution
h, w = img.shape[:2]resized = cv2.resize(img, (w//2, h//2))center = img[h//4:3*h//4, w//4:3*w//4]

🎯 Lesson 1.4 — Pixel-Level Operations

📘 Concept
You can directly modify pixels.

🧪 Code
img[100, 100] = [0, 0, 255]  # red pixel

🎯 Exercise


Draw a blue square manually using pixel assignment



✅ Solution
for i in range(100,150):    for j in range(100,150):        img[i,j] = [255,0,0]

🎯 Lesson 1.5 — Histograms

📘 Concept
Histogram = distribution of pixel intensities

🧪 Code
hist = cv2.calcHist([img],[0],None,[256],[0,256])

🎯 Exercise


Plot histogram of grayscale image



✅ Solution
(use matplotlib)
import matplotlib.pyplot as pltplt.plot(hist)plt.show()

📅 NOW — DAY-BY-DAY PLAN (Mentor Mode)
🗓️ Day 1 — Image Basics


Install OpenCV


Load and display image


Print shape, dtype


🎯 Goal:
You understand images = matrices

🗓️ Day 2 — Color Spaces


Convert:


BGR → Gray


BGR → HSV




🎯 Mini Project:


Show 3 windows: original, gray, HSV



🗓️ Day 3 — Manipulation


Resize, crop, rotate


🎯 Mini Project:


“Image editor script”



🗓️ Day 4 — Pixels


Modify pixels manually


🎯 Mini Project:


Draw shapes using code only



🗓️ Day 5 — Histograms


Compute + visualize


🎯 Mini Project:


Compare dark vs bright images



🗓️ Day 6 — Combine Everything
🎯 Project:


Load image


Convert to gray


Resize


Draw rectangle


Show histogram



🗓️ Day 7 — Challenge Day
🎯 Build:
“Basic Image Processing Tool”


Input image


Press keys to:


Convert to gray


Blur


Show histogram





⚠️ Important Rule This Week
Don’t rush.
If you don’t deeply understand:


image shape


pixel values


color spaces


→ everything later will feel confusing.

👉 Next Step
When you finish this module, say:
👉 “Next module”
Then I’ll guide you the same way through:
Classical Computer Vision (edges, contours, filtering)
Or if you want, I can:


Review your code


Give you debugging help


Increase difficulty based on your progress


We’ll build this like a real training program.



🧩 MODULE 2 — CLASSICAL COMPUTER VISION (FULL LESSON + MENTOR PLAN)
Using: OpenCV

🎯 What You’ll Master


Convolution (core of all vision)


Blurring & filtering


Edge detection


Contours & shape detection


Morphological operations



🧠 Lesson 2.1 — Convolution (THE CORE IDEA)
📘 Concept
Convolution = sliding a small matrix (kernel) over an image
Output(x,y)=∑Kernel⋅Image_regionOutput(x,y) = \sum Kernel \cdot Image\_regionOutput(x,y)=∑Kernel⋅Image_region

Example Kernel (Sharpen)
[ 0 -1  0 -1  5 -1  0 -1  0 ]

🧪 Code
import cv2import numpy as npkernel = np.array([[0,-1,0],                   [-1,5,-1],                   [0,-1,0]])sharp = cv2.filter2D(img, -1, kernel)

🎯 Exercise


Create:


Blur kernel


Edge kernel





✅ Insight
👉 CNNs (deep learning) are just learned convolutions

🧠 Lesson 2.2 — Blurring & Noise Reduction

📘 Types


Gaussian Blur (most important)


Median Blur (good for noise)



🧪 Code
blur = cv2.GaussianBlur(img, (5,5), 0)median = cv2.medianBlur(img, 5)

🎯 Exercise


Add noise to image


Remove it using blur



💡 Insight
Blurring = preprocessing for better detection

🧠 Lesson 2.3 — Edge Detection (VERY IMPORTANT)

📘 Concept
Edges = strong intensity changes

Canny Edge Detection
Steps:


Blur


Gradient detection


Thresholding



🧪 Code
edges = cv2.Canny(img, 100, 200)

🎯 Exercise


Build adjustable edge detector using trackbars



💡 Insight
Edges = foundation for:


Object detection


Segmentation



🧠 Lesson 2.4 — Thresholding

📘 Concept
Convert image → binary (black/white)

🧪 Code
_, thresh = cv2.threshold(gray, 127, 255, cv2.THRESH_BINARY)

🎯 Exercise


Try:


Binary


Adaptive threshold





💡 Insight
Used in:


OCR


Segmentation



🧠 Lesson 2.5 — Contours (SHAPE DETECTION)

📘 Concept
Contours = boundaries of objects

🧪 Code
contours, _ = cv2.findContours(thresh, cv2.RETR_TREE, cv2.CHAIN_APPROX_SIMPLE)cv2.drawContours(img, contours, -1, (0,255,0), 2)

🎯 Exercise


Count number of objects


Draw bounding boxes



💡 Insight
Contours = basic object detection without AI

🧠 Lesson 2.6 — Morphological Operations

📘 Types


Erosion → removes noise


Dilation → expands objects



🧪 Code
kernel = np.ones((3,3), np.uint8)erosion = cv2.erode(thresh, kernel)dilation = cv2.dilate(thresh, kernel)

🎯 Exercise


Clean noisy binary image



💡 Insight
Used in:


Preprocessing pipelines



🧠 Lesson 2.7 — Shape Detection (Mini System)

📘 Concept
Use contours → approximate shapes

🧪 Code idea
approx = cv2.approxPolyDP(contour, epsilon, True)if len(approx) == 3:    shape = "Triangle"elif len(approx) == 4:    shape = "Square"

🎯 Project
Build:
👉 Shape Detector (circle, triangle, square)

📅 MENTOR PLAN — DAY BY DAY

🗓️ Day 1 — Convolution


Apply custom kernels


Test sharpen, blur


🎯 Goal:
Understand filtering mathematically

🗓️ Day 2 — Blurring


Gaussian vs Median


🎯 Mini Project:
Noise removal system

🗓️ Day 3 — Edge Detection


Canny


🎯 Mini Project:
Interactive edge detector (trackbars)

🗓️ Day 4 — Thresholding


Binary + adaptive


🎯 Mini Project:
Document-style black/white converter

🗓️ Day 5 — Contours


Detect + draw


🎯 Mini Project:
Object counter

🗓️ Day 6 — Morphology


Clean noisy images


🎯 Mini Project:
Noise cleaner pipeline

🗓️ Day 7 — FINAL PROJECT
🎯 Build:
“Shape Detection System”
Features:


Detect shapes


Label them


Draw bounding boxes



⚠️ Critical Understanding
If you truly understand this module:


You can build CV systems without AI


You understand what deep learning is doing internally



🚀 After This Module
You’ll be ready for:
👉 Deep Learning (CNNs, YOLO, etc.)

👉 Your Next Step
When you finish:
👉 Say “Next module”
OR (better):
👉 Ask me to review your shape detection project
I’ll treat it like a real code review and push you to the next level.




🔥 MODULE 3 — DEEP LEARNING FOR COMPUTER VISION
(Full Lesson + Mentor Plan)
Using: PyTorch

🎯 What You’ll Master


Neural networks (from scratch understanding)


Training pipeline


Convolutional Neural Networks (CNNs)


Image classification system



🧠 Lesson 3.1 — What is a Neural Network?
📘 Concept
A neural network is just a function:
y=f(x)y = f(x)y=f(x)
Basic unit:
y=Wx+by = Wx + by=Wx+b
Where:


WWW = weights


bbb = bias



📘 Pipeline


Input image


Pass through layers


Output prediction



🎯 Exercise


Implement a simple linear model (no CV yet)



🧠 Lesson 3.2 — Activation Functions

📘 Why needed
Without activation → model is just linear (useless)

Common ones
ReLU (most important)
f(x)=max⁡(0,x)f(x) = \max(0, x)f(x)=max(0,x)

🧪 Code
import torch.nn as nnrelu = nn.ReLU()

🎯 Exercise


Plot ReLU function


Apply to sample tensor



🧠 Lesson 3.3 — Loss Function

📘 Concept
Measures error between prediction and truth

Example:
Cross-Entropy Loss (classification)

🧪 Code
criterion = nn.CrossEntropyLoss()

🎯 Exercise


Compute loss for dummy predictions



🧠 Lesson 3.4 — Backpropagation

📘 Concept


Compute gradients


Update weights using gradient descent


W=W−η⋅∇LW = W - \eta \cdot \nabla LW=W−η⋅∇L

🧪 Code
loss.backward()optimizer.step()

🎯 Exercise


Train a simple model on small data



🧠 Lesson 3.5 — Training Loop (VERY IMPORTANT)

📘 Structure
for epoch in range(E):    for images, labels in loader:        outputs = model(images)        loss = criterion(outputs, labels)        optimizer.zero_grad()        loss.backward()        optimizer.step()

🎯 Exercise


Write full training loop manually



🧠 Lesson 3.6 — Convolutional Neural Networks (CNNs)

📘 Why CNNs?
Images have spatial structure → CNNs exploit it

📘 Key Layers
Convolution Layer


Detect features (edges, textures)


Pooling


Reduce size


Fully Connected


Final classification



🧪 Example Model
import torch.nn as nnmodel = nn.Sequential(    nn.Conv2d(3, 16, 3),    nn.ReLU(),    nn.MaxPool2d(2),    nn.Flatten(),    nn.Linear(16*???, 10))

🎯 Exercise


Build CNN from scratch (don’t copy blindly)



🧠 Lesson 3.7 — Dataset & DataLoader

📘 Concept


Dataset = data source


DataLoader = batching + shuffling



🧪 Code
from torch.utils.data import DataLoaderloader = DataLoader(dataset, batch_size=32, shuffle=True)

🎯 Exercise


Load image dataset


Iterate through batches



🧠 Lesson 3.8 — Image Classification Project

🎯 Build:
👉 Image Classifier

Steps


Load dataset


Build CNN


Train


Evaluate



Metrics


Accuracy


Loss curve



📅 MENTOR PLAN — DAY BY DAY

🗓️ Day 1 — Neural Networks Basics


Linear model


Understand weights


🎯 Goal:
You understand model = function

🗓️ Day 2 — Activation + Loss


ReLU


Cross-entropy


🎯 Mini Task:
Compute loss manually

🗓️ Day 3 — Backpropagation


Train simple model


🎯 Goal:
Understand learning process

🗓️ Day 4 — Training Loop


Write full loop


🎯 Mini Project:
Train on toy dataset

🗓️ Day 5 — CNN Basics


Conv + Pool


🎯 Goal:
Understand feature extraction

🗓️ Day 6 — Build CNN
🎯 Project:


Image classifier



🗓️ Day 7 — Improve Model


Tune hyperparameters


Evaluate



⚠️ Critical Mistakes to Avoid
❌ Copy-paste models
→ You won’t understand anything
❌ Ignoring training loop
→ This is the heart of deep learning
❌ Not visualizing results
→ Always track loss & accuracy

🧠 What You Should Be Able to Say After This


“I built a CNN using PyTorch”


“I understand training, loss, and backpropagation”


“I can classify images with my own model”



🚀 Next Module (after this)
👉 Object Detection (YOLO, real-world systems)

👉 Your Move
When ready:
👉 Say “Next module”
OR (better):
👉 “Help me build my CNN step-by-step”
That second option will accelerate you a lot.





🚀 MODULE 4 — OBJECT DETECTION (YOLO & REAL SYSTEMS)
(Full Lesson + Mentor Plan)
Using:


PyTorch


OpenCV



🎯 What You’ll Master


Object detection vs classification


Bounding boxes


YOLO architecture


Real-time detection systems


Training on custom datasets



🧠 Lesson 4.1 — What is Object Detection?

📘 Concept
Unlike classification:


Classification → 1 label per image


Detection → multiple objects + locations



Output format:
Object: "person"Confidence: 0.92Bounding Box: (x, y, w, h)

🎯 Exercise


Visualize bounding boxes manually on an image



🧠 Lesson 4.2 — Bounding Boxes

📘 Format


(x, y, width, height)


or YOLO format:


(xcenter,ycenter,w,h)(x_{center}, y_{center}, w, h)(xcenter​,ycenter​,w,h)

🎯 Exercise


Draw boxes using:


cv2.rectangle(...)

🧠 Lesson 4.3 — YOLO (You Only Look Once)

📘 Core Idea


Divide image into grid


Predict boxes + classes in one pass


👉 This makes it fast (real-time)

📘 Why YOLO?


High speed


Good accuracy


Industry standard



🧠 Lesson 4.4 — Using Pretrained YOLO

📘 Goal
Run detection without training (first step)

🧪 Pipeline


Load model


Pass image


Get predictions


Draw boxes



🎯 Project
👉 Detect:


People


Cars


Phones



🧠 Lesson 4.5 — Real-Time Detection

📘 Combine with webcam
cap = cv2.VideoCapture(0)
Loop:


Read frame


Run YOLO


Display results



🎯 Project
👉 Real-time object detector

🧠 Lesson 4.6 — Custom Dataset Training (VERY IMPORTANT)

📘 Why?
Pretrained models ≠ enough for real jobs

📘 Steps


Collect images


Label objects


Train model



Tools


Roboflow



🎯 Example Ideas


Detect helmets


Detect phones


Detect bottles



🧠 Lesson 4.7 — Evaluation Metrics

📘 Metrics
IoU (Intersection over Union)
IoU=OverlapUnionIoU = \frac{Overlap}{Union}IoU=UnionOverlap​

mAP (mean Average Precision)


Measures detection quality



🎯 Exercise


Compare predictions vs ground truth



🧠 Lesson 4.8 — Optimization

📘 Concepts


FPS (speed)


Model size


GPU vs CPU



🎯 Exercise


Measure FPS of your system



📅 MENTOR PLAN — DAY BY DAY

🗓️ Day 1 — Detection Basics


Understand bounding boxes


🎯 Task:
Draw boxes manually

🗓️ Day 2 — YOLO Setup


Run pretrained YOLO


🎯 Mini Project:
Detect objects in images

🗓️ Day 3 — Visualization


Draw boxes + labels


🎯 Improve UI:


Colors


Confidence display



🗓️ Day 4 — Real-Time Detection


Webcam detection


🎯 Project:
Live object detector

🗓️ Day 5 — Custom Dataset


Collect + label data


🎯 Task:
Create 100+ labeled images

🗓️ Day 6 — Training


Train YOLO model


🎯 Goal:
Detect your custom object

🗓️ Day 7 — Evaluation + Optimization
🎯 Final Project:
👉 Custom Object Detection System

⚠️ Critical Mistakes
❌ Only using pretrained models
→ You won’t stand out
❌ Not labeling your own data
→ No real understanding
❌ Ignoring performance
→ Real systems must be fast

🧠 What You Should Be Able to Say


“I built a real-time detection system using PyTorch”


“I trained YOLO on a custom dataset”


“I evaluated using IoU and mAP”



🚀 Next Module
👉 Deployment & Real-World Systems (APIs, optimization, production)

👉 Your Move
Now choose one:
👉 “Next module”
👉 “Help me build YOLO step-by-step” (highly recommended)
If you pick the second, I’ll guide you like a senior engineer—not just tutorials.


🚀 MODULE 5 — DEPLOYMENT & REAL-WORLD CV SYSTEMS
(Full Lesson + Mentor Plan)
You’ll combine:


Models (from previous modules)


APIs


Performance optimization


Real-time inference systems


Using:


PyTorch


OpenCV


FastAPI / Flask (backend layer)



🎯 What You’ll Master


Turning models into usable applications


Building APIs for inference


Optimizing speed (CPU/GPU tradeoffs)


Packaging CV systems like real products



🧠 Lesson 5.1 — What “Deployment” Actually Means

📘 Concept
A trained model is useless until it can:


Receive input (image/video)


Run inference


Return output (prediction)



Typical pipeline:
Client → API → Model → Response

🎯 Example


Upload image → detect objects → return bounding boxes



🧠 Lesson 5.2 — Building a Simple CV API

📘 Tool


Flask or FastAPI


We’ll use FastAPI conceptually:

🧪 Structure
from fastapi import FastAPIapp = FastAPI()

Endpoint idea:


/predict → receives image


returns predictions



🎯 Exercise


Build endpoint that accepts image file



🧠 Lesson 5.3 — Model Inference Pipeline

📘 Steps inside API


Receive image


Preprocess (resize, normalize)


Run model


Postprocess output



🎯 Critical idea
Training ≠ inference
Inference must be fast and stable

🧠 Lesson 5.4 — Real-Time Video Inference

📘 Concept
Instead of images → process video frames
Using:


OpenCV



Loop:
Capture frame → Model → Display result

🎯 Exercise


Run object detection on webcam stream



🧠 Lesson 5.5 — Performance Optimization

📘 Why important?
Real systems must run at 15–60 FPS

Techniques
1. Resize input
Smaller image = faster inference
2. Batch processing
Process multiple inputs at once
3. GPU acceleration
Use CUDA when available

🎯 Exercise


Compare FPS before/after resizing



🧠 Lesson 5.6 — Model Exporting

📘 Why?
You don’t always run PyTorch directly in production

Formats


ONNX (common)


TorchScript



🎯 Exercise


Export trained model



🧠 Lesson 5.7 — Packaging Your System

📘 What recruiters care about:


Can someone USE your model?



You should package:


API


Model file


Documentation


Demo



🎯 Output:


GitHub repo


README


Demo video



🧠 Lesson 5.8 — End-to-End CV System

📘 Final architecture:
Frontend (upload image)        ↓Backend API        ↓Model (PyTorch)        ↓Response (JSON)

🎯 Example project:
👉 Smart surveillance system
👉 Attendance system API
👉 Object detection service

📅 MENTOR PLAN — DAY BY DAY

🗓️ Day 1 — Deployment Basics


Understand API concept


🎯 Task:
Write simple endpoint

🗓️ Day 2 — Image Input API


Upload image


Return dummy response



🗓️ Day 3 — Model Integration


Load your CNN or YOLO


🎯 Task:
Make real predictions via API

🗓️ Day 4 — Video Streaming


Process webcam frames


🎯 Mini Project:
Live inference system

🗓️ Day 5 — Optimization


Measure FPS


Improve speed



🗓️ Day 6 — Export Model


ONNX / TorchScript



🗓️ Day 7 — FINAL PROJECT
👉 Build:
Full Computer Vision App
Example:


Upload image → detect objects → return result



⚠️ Critical Mistakes
❌ Only training models
→ Not job-ready
❌ No API experience
→ You can’t ship products
❌ Ignoring performance
→ Real systems must be fast

🧠 What You Should Now Be Able To Say


“I deployed a CV model using PyTorch”


“I built a real-time system using OpenCV”


“I exposed my model via an API”



🚀 FINAL STEP (after this module)
Next stage is:
👉 Portfolio polishing + job preparation


GitHub structuring


Interview questions


CV writing for ML roles



👉 Your Move
Now you have two options:
👉 Say “Final module” (I’ll give you job prep + portfolio strategy)
👉 Or say “Help me build my first deployment project step-by-step”


🚀 MODULE 5 — DEPLOYMENT & REAL-WORLD CV SYSTEMS
(Full Lesson + Mentor Plan)
You’ll combine:


Models (from previous modules)


APIs


Performance optimization


Real-time inference systems


Using:


PyTorch


OpenCV


FastAPI / Flask (backend layer)



🎯 What You’ll Master


Turning models into usable applications


Building APIs for inference


Optimizing speed (CPU/GPU tradeoffs)


Packaging CV systems like real products



🧠 Lesson 5.1 — What “Deployment” Actually Means

📘 Concept
A trained model is useless until it can:


Receive input (image/video)


Run inference


Return output (prediction)



Typical pipeline:
Client → API → Model → Response

🎯 Example


Upload image → detect objects → return bounding boxes



🧠 Lesson 5.2 — Building a Simple CV API

📘 Tool


Flask or FastAPI


We’ll use FastAPI conceptually:

🧪 Structure
from fastapi import FastAPIapp = FastAPI()

Endpoint idea:


/predict → receives image


returns predictions



🎯 Exercise


Build endpoint that accepts image file



🧠 Lesson 5.3 — Model Inference Pipeline

📘 Steps inside API


Receive image


Preprocess (resize, normalize)


Run model


Postprocess output



🎯 Critical idea
Training ≠ inference
Inference must be fast and stable

🧠 Lesson 5.4 — Real-Time Video Inference

📘 Concept
Instead of images → process video frames
Using:


OpenCV



Loop:
Capture frame → Model → Display result

🎯 Exercise


Run object detection on webcam stream



🧠 Lesson 5.5 — Performance Optimization

📘 Why important?
Real systems must run at 15–60 FPS

Techniques
1. Resize input
Smaller image = faster inference
2. Batch processing
Process multiple inputs at once
3. GPU acceleration
Use CUDA when available

🎯 Exercise


Compare FPS before/after resizing



🧠 Lesson 5.6 — Model Exporting

📘 Why?
You don’t always run PyTorch directly in production

Formats


ONNX (common)


TorchScript



🎯 Exercise


Export trained model



🧠 Lesson 5.7 — Packaging Your System

📘 What recruiters care about:


Can someone USE your model?



You should package:


API


Model file


Documentation


Demo



🎯 Output:


GitHub repo


README


Demo video



🧠 Lesson 5.8 — End-to-End CV System

📘 Final architecture:
Frontend (upload image)        ↓Backend API        ↓Model (PyTorch)        ↓Response (JSON)

🎯 Example project:
👉 Smart surveillance system
👉 Attendance system API
👉 Object detection service

📅 MENTOR PLAN — DAY BY DAY

🗓️ Day 1 — Deployment Basics


Understand API concept


🎯 Task:
Write simple endpoint

🗓️ Day 2 — Image Input API


Upload image


Return dummy response



🗓️ Day 3 — Model Integration


Load your CNN or YOLO


🎯 Task:
Make real predictions via API

🗓️ Day 4 — Video Streaming


Process webcam frames


🎯 Mini Project:
Live inference system

🗓️ Day 5 — Optimization


Measure FPS


Improve speed



🗓️ Day 6 — Export Model


ONNX / TorchScript



🗓️ Day 7 — FINAL PROJECT
👉 Build:
Full Computer Vision App
Example:


Upload image → detect objects → return result



⚠️ Critical Mistakes
❌ Only training models
→ Not job-ready
❌ No API experience
→ You can’t ship products
❌ Ignoring performance
→ Real systems must be fast

🧠 What You Should Now Be Able To Say


“I deployed a CV model using PyTorch”


“I built a real-time system using OpenCV”


“I exposed my model via an API”



🚀 FINAL STEP (after this module)
Next stage is:
👉 Portfolio polishing + job preparation


GitHub structuring


Interview questions


CV writing for ML roles



👉 Your Move
Now you have two options:
👉 Say “Final module” (I’ll give you job prep + portfolio strategy)
👉 Or say “Help me build my first deployment project step-by-step”



MLPs stands for Multilayer Perceptrons.

It’s one of the simplest types of neural networks, and it’s basically the “classic baseline” model in deep learning.

🧠 What is an MLP?

An MLP (Multilayer Perceptron) is a neural network made of:

Input layer
One or more hidden layers
Output layer

Each layer is fully connected to the next one.

That means:

Every neuron connects to every neuron in the next layer.

📐 Structure

Example:

Input → Hidden Layer(s) → Output

Mathematically:

y=f(Wx+b)

Where:

x = input data
W = weights
b = bias
f = activation function (ReLU, sigmoid, etc.)
🧠 Key Idea

An MLP is just:

A stack of linear transformations + non-linear functions

Without activation functions, it would collapse into a single linear equation.

⚙️ How it works step-by-step
Input data goes in (e.g., pixel values)
Each layer applies:
Weighted sum
Activation function
Final layer outputs prediction
🖼️ Example (Image classification)

Say you feed a 28×28 image (like MNIST digits):

Input: 784 pixels flattened
Hidden layer: learns patterns
Output: digit class (0–9)
⚠️ Important limitation (VERY IMPORTANT in CV)

MLPs do NOT understand images well because:

They ignore spatial structure
They treat pixels independently
They have too many parameters for images

👉 That’s why we use CNNs instead.

🆚 MLP vs CNN (critical distinction)
Feature	MLP	CNN
Structure	Fully connected	Local connections (filters)
Image understanding	Weak	Strong
Parameter efficiency	Poor	Efficient
Used in CV today	Rare	Standard
🧠 Where MLPs are still used

Even though they are weak for images, they are still useful for:

Tabular data (finance, medical records)
Simple classification problems
Final layers in CNNs (classification head)
🔥 Simple intuition

Think of it like this:

MLP = “everyone talks to everyone”
CNN = “only nearby pixels talk first, then combine features”
✔️ Summary

An MLP is:

A basic neural network made of fully connected layers that learns patterns through weighted connections and activations.




Good—this is one of the most important conceptual upgrades in computer vision.

Let’s break it cleanly:

🧠 Why CNNs replaced MLPs in Computer Vision

You already know:

MLP (Multilayer Perceptron) = fully connected layers
CNN (Convolutional Neural Network) = uses filters (convolutions)

Now the real question:

Why are CNNs better for images than MLPs?

❌ 1) MLPs ignore spatial structure
What happens in an MLP?

If you flatten an image:

28×28 image → 784 values → MLP

Now:

Pixel (1,1) is treated the same as pixel (20,20)
No concept of “nearby pixels”
Problem:

But in images:

Nearby pixels form edges
Edges form shapes
Shapes form objects

👉 MLP destroys that structure completely.

❌ 2) Too many parameters

Let’s compare:

Example:

Input image: 224×224×3 ≈ 150,000 inputs

First hidden layer with 1,000 neurons:

MLP parameters:
150,000×1,000=150 million weights

That’s huge → slow + overfitting

❌ 3) No feature reuse

If MLP learns a feature (like an edge):

It learns it separately for every location
No sharing of knowledge across image
✅ CNN FIXES ALL OF THIS

Now let’s see how CNN solves it.

🧠 1) Local connectivity (key idea)

Instead of connecting everything:

CNN says:

“Only look at small regions at a time”

Example:

3×3 filter scans image

So it learns:

edges
textures
patterns

locally first

🧠 2) Weight sharing (BIG advantage)

Same filter is applied everywhere.

So instead of learning 1,000 copies of an edge detector:

👉 CNN learns ONE edge detector and reuses it everywhere.

🧠 3) Parameter efficiency

Example:

CNN filter:
3×3×3 = 27 parameters

Compare:

MLP = millions

👉 CNN is dramatically smaller and smarter

🧠 4) Hierarchical learning

CNN builds features step-by-step:

Layer 1 → edges
Layer 2 → shapes
Layer 3 → objects
Layer 4 → complex scenes
🧠 Intuition (IMPORTANT)

Think of it like vision in biology:

MLP:

Every neuron looks at the whole image at once → chaos

CNN:

Neurons specialize in small regions → then combine understanding

📊 MLP vs CNN (real comparison)
Feature	MLP	CNN
Image structure awareness	❌ None	✅ Strong
Parameters	Huge	Small
Feature reuse	❌ No	✅ Yes
Spatial understanding	❌ No	✅ Yes
Used in CV	Rare	Standard
🧠 Simple mental model
MLP:

“I see everything at once but understand nothing”

CNN:

“I look carefully at small parts and build understanding step-by-step”

🔥 Key takeaway

CNNs replaced MLPs because:

They understand that images are spatial structures, not flat lists of numbers.

ELephantbet Entity: 00266